event_id,wr,top001,top1,top5,top10,top20,top50,slowest,cnt
222,86,143,237,356,428,530,820,44211,183070
333,351,650,840,1103,1306,1644,2841,52507,281148
444,1856,2400,2900,3559,4019,4688,6493,48311,54981
555,3373,4187,5045,6124,6881,8000,10734,113500,26833
666,6363,7291,8774,10577,11815,13748,18427,100300,12944
777,9680,10448,13070,15815,17669,20443,26907,126600,10027
333bf,1156,1403,1880,3300,5018,8132,17136,155900,12260
333fm,1900,2000,2133,2633,2933,3300,4033,8000,6067
333oh,699,961,1240,1600,1855,2255,3329,44444,57896
clock,214,279,393,597,755,979,1576,17496,25161
minx,2340,2995,3915,5077,5885,7219,10481,69100,21138
pyram,114,190,323,550,706,908,1359,35445,125249
skewb,137,220,347,513,630,819,1343,26547,70667
sq1,463,599,831,1188,1488,1985,3321,39881,19274
444bf,5196,6104,9166,14636,19891,28234,52919,353400,2189
555bf,11859,14853,19028,31290,41168,57525,104400,1170300,1142
333mbf,380350302,420351603,650351503,800319000,850358800,900318403,960092900,990360603,4291
